,RG,RE,RD,C1,C2,C3,C4,C5
VN102,../Data/Equivital/Lydo_Rehearsal/FASTACC-VN102-3420426-23021500-cut.csv,../Data/Equivital/Lydo_Rehearsal/FASTACC-VN102-3420426-23021500-cut.csv,../Data/Equivital/Lydo_Rehearsal/FASTACC-VN102-3420426-23021500-cut.csv,../Data/Equivital/Lydo_C1_C2/FASTACC-VN102-3420426-23021600-cut.csv,../Data/Equivital/Lydo_C1_C2/FASTACC-VN102-3420426-23021600-cut.csv,../Data/Equivital/230217_Lydo_Concerts/CSV/FASTACC-VN102-3420426-23021700-cut.csv,../Data/Equivital/230217_Lydo_Concerts/CSV/FASTACC-VN102-3420426-23021700-cut.csv,../Data/Equivital/230218_Lydo_Concerts/FASTACC-VN102-3420426-23021800-cut.csv
VN107,../Data/Equivital/Lydo_Rehearsal/FASTACC-VN107-5022006-23021500-cut.csv,../Data/Equivital/Lydo_Rehearsal/FASTACC-VN107-5022006-23021500-cut.csv,../Data/Equivital/Lydo_Rehearsal/FASTACC-VN107-5022006-23021500-cut.csv,../Data/Equivital/Lydo_C1_C2/FASTACC-VN107-5022006-23021600-cut.csv,../Data/Equivital/Lydo_C1_C2/FASTACC-VN107-5022006-23021600-cut.csv,../Data/Equivital/230217_Lydo_Concerts/CSV/FASTACC-VN107-5022006-23021700-cut.csv,../Data/Equivital/230217_Lydo_Concerts/CSV/FASTACC-VN107-5022006-23021700-cut.csv,../Data/Equivital/230218_Lydo_Concerts/FASTACC-VN107-5022006-23021800-cut.csv
VN106,../Data/Equivital/Lydo_Rehearsal/FASTACC-VN106-5022002-23021500-cut.csv,../Data/Equivital/Lydo_Rehearsal/FASTACC-VN106-5022002-23021500-cut.csv,../Data/Equivital/Lydo_Rehearsal/FASTACC-VN106-5022002-23021500-cut.csv,../Data/Equivital/Lydo_C1_C2/FASTACC-VN106-5022002-23021600-cut.csv,../Data/Equivital/Lydo_C1_C2/FASTACC-VN106-5022002-23021600-cut.csv,../Data/Equivital/230217_Lydo_Concerts/CSV/FASTACC-VN106-5022002-23021700_0-cut.csv,../Data/Equivital/230217_Lydo_Concerts/CSV/FASTACC-VN106-5022002-23021700_0-cut.csv,../Data/Equivital/230218_Lydo_Concerts/FASTACC-VN106-5022002-23021800-cut.csv
VN108,../Data/Equivital/Lydo_Rehearsal/FASTACC-VN108-5022009-23021501-cut.csv,../Data/Equivital/Lydo_Rehearsal/FASTACC-VN108-5022009-23021501-cut.csv,../Data/Equivital/Lydo_Rehearsal/FASTACC-VN108-5022009-23021501-cut.csv,../Data/Equivital/Lydo_C1_C2/FASTACC-VN108-5022009-23021600-cut.csv,../Data/Equivital/Lydo_C1_C2/FASTACC-VN108-5022009-23021600-cut.csv,../Data/Equivital/230217_Lydo_Concerts/CSV/FASTACC-VN108-5022009-23021700-cut.csv,../Data/Equivital/230217_Lydo_Concerts/CSV/FASTACC-VN108-5022009-23021700-cut.csv,../Data/Equivital/230218_Lydo_Concerts/FASTACC-VN108-5022009-23021800-cut.csv
VN101,../Data/Equivital/Lydo_Rehearsal/FASTACC-VN101-3420415-23021500-cut.csv,../Data/Equivital/Lydo_Rehearsal/FASTACC-VN101-3420415-23021500-cut.csv,../Data/Equivital/Lydo_Rehearsal/FASTACC-VN101-3420415-23021500-cut.csv,../Data/Equivital/Lydo_C1_C2/FASTACC-VN101-3420415-23021600-cut.csv,../Data/Equivital/Lydo_C1_C2/FASTACC-VN101-3420415-23021600-cut.csv,../Data/Equivital/230217_Lydo_Concerts/CSV/FASTACC-VN101-3420415-23021700-cut.csv,../Data/Equivital/230217_Lydo_Concerts/CSV/FASTACC-VN101-3420415-23021700-cut.csv,../Data/Equivital/230218_Lydo_Concerts/FASTACC-VN101-3420415-23021800-cut.csv
VN105,../Data/Equivital/Lydo_Rehearsal/FASTACC-VN105-3420755-23021500-cut.csv,../Data/Equivital/Lydo_Rehearsal/FASTACC-VN105-3420755-23021500-cut.csv,../Data/Equivital/Lydo_Rehearsal/FASTACC-VN105-3420755-23021500-cut.csv,../Data/Equivital/Lydo_C1_C2/FASTACC-VN105-3420755-23021600-cut.csv,../Data/Equivital/Lydo_C1_C2/FASTACC-VN105-3420755-23021600-cut.csv,../Data/Equivital/230217_Lydo_Concerts/CSV/FASTACC-VN105-3420755-23021700-cut.csv,../Data/Equivital/230217_Lydo_Concerts/CSV/FASTACC-VN105-3420755-23021700-cut.csv,../Data/Equivital/230218_Lydo_Concerts/FASTACC-VN105-3420755-23021800-cut.csv
VN103,../Data/Equivital/Lydo_Rehearsal/FASTACC-VN103-3420427-23021500-cut.csv,../Data/Equivital/Lydo_Rehearsal/FASTACC-VN103-3420427-23021500-cut.csv,../Data/Equivital/Lydo_Rehearsal/FASTACC-VN103-3420427-23021500-cut.csv,../Data/Equivital/Lydo_C1_C2/FASTACC-VN103-3420427-23021600-cut.csv,../Data/Equivital/Lydo_C1_C2/FASTACC-VN103-3420427-23021600-cut.csv,../Data/Equivital/230217_Lydo_Concerts/CSV/FASTACC-VN103-3420427-23021700-cut.csv,../Data/Equivital/230217_Lydo_Concerts/CSV/FASTACC-VN103-3420427-23021700-cut.csv,../Data/Equivital/230218_Lydo_Concerts/FASTACC-VN103-3420427-23021800-cut.csv
VN104,../Data/Equivital/Lydo_Rehearsal/FASTACC-VN104-3420456-23021500-cut.csv,../Data/Equivital/Lydo_Rehearsal/FASTACC-VN104-3420456-23021500-cut.csv,../Data/Equivital/Lydo_Rehearsal/FASTACC-VN104-3420456-23021500-cut.csv,../Data/Equivital/Lydo_C1_C2/FASTACC-VN104-3420456-23021600-cut.csv,../Data/Equivital/Lydo_C1_C2/FASTACC-VN104-3420456-23021600-cut.csv,../Data/Equivital/230217_Lydo_Concerts/CSV/FASTACC-VN104-3420456-23021700-cut.csv,../Data/Equivital/230217_Lydo_Concerts/CSV/FASTACC-VN104-3420456-23021700-cut.csv,../Data/Equivital/230218_Lydo_Concerts/FASTACC-VN104-3420456-23021800-cut.csv
VN205,../Data/Equivital/Lydo_Rehearsal/FASTACC-VN205-5022060-23021500-cut.csv,../Data/Equivital/Lydo_Rehearsal/FASTACC-VN205-5022060-23021500-cut.csv,../Data/Equivital/Lydo_Rehearsal/FASTACC-VN205-5022060-23021500-cut.csv,../Data/Equivital/Lydo_C1_C2/FASTACC-VN205-5022060-23021600-cut.csv,../Data/Equivital/Lydo_C1_C2/FASTACC-VN205-5022060-23021600-cut.csv,../Data/Equivital/230217_Lydo_Concerts/CSV/FASTACC-VN205-5022060-23021700-cut.csv,../Data/Equivital/230217_Lydo_Concerts/CSV/FASTACC-VN205-5022060-23021700-cut.csv,../Data/Equivital/230218_Lydo_Concerts/FASTACC-VN205-5022060-23021800-cut.csv
VN203,../Data/Equivital/Lydo_Rehearsal/FASTACC-VN203-5022057-23021500-cut.csv,../Data/Equivital/Lydo_Rehearsal/FASTACC-VN203-5022057-23021500-cut.csv,../Data/Equivital/Lydo_Rehearsal/FASTACC-VN203-5022057-23021500-cut.csv,../Data/Equivital/Lydo_C1_C2/FASTACC-VN203-5022057-23021600-cut.csv,../Data/Equivital/Lydo_C1_C2/FASTACC-VN203-5022057-23021600-cut.csv,../Data/Equivital/230217_Lydo_Concerts/CSV/FASTACC-VN203-5022057-23021700-cut.csv,../Data/Equivital/230217_Lydo_Concerts/CSV/FASTACC-VN203-5022057-23021700-cut.csv,../Data/Equivital/230218_Lydo_Concerts/FASTACC-VN203-5022057-23021800-cut.csv
VN202,../Data/Equivital/Lydo_Rehearsal/FASTACC-VN202-5022051-23021500-cut.csv,../Data/Equivital/Lydo_Rehearsal/FASTACC-VN202-5022051-23021500-cut.csv,../Data/Equivital/Lydo_Rehearsal/FASTACC-VN202-5022051-23021500-cut.csv,../Data/Equivital/Lydo_C1_C2/FASTACC-VN202-5022051-23021600-cut.csv,../Data/Equivital/Lydo_C1_C2/FASTACC-VN202-5022051-23021600-cut.csv,../Data/Equivital/230217_Lydo_Concerts/CSV/FASTACC-VN202-5022051-23021700-cut.csv,../Data/Equivital/230217_Lydo_Concerts/CSV/FASTACC-VN202-5022051-23021700-cut.csv,../Data/Equivital/230218_Lydo_Concerts/FASTACC-VN202-5022051-23021800-cut.csv
VN206,../Data/Equivital/Lydo_Rehearsal/FASTACC-VN206-5022062-23021500-cut.csv,../Data/Equivital/Lydo_Rehearsal/FASTACC-VN206-5022062-23021500-cut.csv,../Data/Equivital/Lydo_Rehearsal/FASTACC-VN206-5022062-23021500-cut.csv,../Data/Equivital/Lydo_C1_C2/FASTACC-VN206-5022062-23021600-cut.csv,../Data/Equivital/Lydo_C1_C2/FASTACC-VN206-5022062-23021600-cut.csv,../Data/Equivital/230217_Lydo_Concerts/CSV/FASTACC-VN206-5022062-23021700-cut.csv,../Data/Equivital/230217_Lydo_Concerts/CSV/FASTACC-VN206-5022062-23021700-cut.csv,../Data/Equivital/230218_Lydo_Concerts/FASTACC-VN206-5022062-23021800-cut.csv
VN209,../Data/Equivital/Lydo_Rehearsal/FASTACC-VN209-5022077-23021500-cut.csv,../Data/Equivital/Lydo_Rehearsal/FASTACC-VN209-5022077-23021500-cut.csv,../Data/Equivital/Lydo_Rehearsal/FASTACC-VN209-5022077-23021500-cut.csv,../Data/Equivital/Lydo_C1_C2/FASTACC-VN209-5022077-23021600-cut.csv,../Data/Equivital/Lydo_C1_C2/FASTACC-VN209-5022077-23021600-cut.csv,../Data/Equivital/230217_Lydo_Concerts/CSV/FASTACC-VN209-5022077-23021700_0-cut.csv,../Data/Equivital/230217_Lydo_Concerts/CSV/FASTACC-VN209-5022077-23021700_0-cut.csv,../Data/Equivital/230218_Lydo_Concerts/FASTACC-VN209-5022077-23021800-cut.csv
VN210,../Data/Equivital/Lydo_Rehearsal/FASTACC-VN210-5022098-23021500-cut.csv,../Data/Equivital/Lydo_Rehearsal/FASTACC-VN210-5022098-23021500-cut.csv,../Data/Equivital/Lydo_Rehearsal/FASTACC-VN210-5022098-23021500-cut.csv,../Data/Equivital/Lydo_C1_C2/FASTACC-VN210-5022098-23021600-cut.csv,../Data/Equivital/Lydo_C1_C2/FASTACC-VN210-5022098-23021600-cut.csv,../Data/Equivital/230217_Lydo_Concerts/CSV/FASTACC-VN210-5022098-23021700-cut.csv,../Data/Equivital/230217_Lydo_Concerts/CSV/FASTACC-VN210-5022098-23021700-cut.csv,../Data/Equivital/230218_Lydo_Concerts/FASTACC-VN210-5022098-23021800-cut.csv
VN207,../Data/Equivital/Lydo_Rehearsal/FASTACC-VN207-5022073-23021500-cut.csv,../Data/Equivital/Lydo_Rehearsal/FASTACC-VN207-5022073-23021500-cut.csv,../Data/Equivital/Lydo_Rehearsal/FASTACC-VN207-5022073-23021500-cut.csv,../Data/Equivital/Lydo_C1_C2/FASTACC-VN207-5022073-23021600-cut.csv,../Data/Equivital/Lydo_C1_C2/FASTACC-VN207-5022073-23021600-cut.csv,../Data/Equivital/230217_Lydo_Concerts/CSV/FASTACC-VN207-5022073-23021700-cut.csv,../Data/Equivital/230217_Lydo_Concerts/CSV/FASTACC-VN207-5022073-23021700-cut.csv,../Data/Equivital/230218_Lydo_Concerts/FASTACC-VN207-5022073-23021800-cut.csv
VN208,../Data/Equivital/Lydo_Rehearsal/FASTACC-VN208-5022076-23021500-cut.csv,../Data/Equivital/Lydo_Rehearsal/FASTACC-VN208-5022076-23021500-cut.csv,../Data/Equivital/Lydo_Rehearsal/FASTACC-VN208-5022076-23021500-cut.csv,../Data/Equivital/Lydo_C1_C2/FASTACC-VN208-5022076-23021600-cut.csv,../Data/Equivital/Lydo_C1_C2/FASTACC-VN208-5022076-23021600-cut.csv,../Data/Equivital/230217_Lydo_Concerts/CSV/FASTACC-VN208-5022076-23021700-cut.csv,../Data/Equivital/230217_Lydo_Concerts/CSV/FASTACC-VN208-5022076-23021700-cut.csv,../Data/Equivital/230218_Lydo_Concerts/FASTACC-VN208-5022076-23021800-cut.csv
VN201,../Data/Equivital/Lydo_Rehearsal/FASTACC-VN201-5022050-23021500-cut.csv,../Data/Equivital/Lydo_Rehearsal/FASTACC-VN201-5022050-23021500-cut.csv,../Data/Equivital/Lydo_Rehearsal/FASTACC-VN201-5022050-23021500-cut.csv,../Data/Equivital/Lydo_C1_C2/FASTACC-VN201-5022050-23021600-cut.csv,../Data/Equivital/Lydo_C1_C2/FASTACC-VN201-5022050-23021600-cut.csv,../Data/Equivital/230217_Lydo_Concerts/CSV/FASTACC-VN201-5022050-23021700-cut.csv,../Data/Equivital/230217_Lydo_Concerts/CSV/FASTACC-VN201-5022050-23021700-cut.csv,../Data/Equivital/230218_Lydo_Concerts/FASTACC-VN201-5022050-23021800-cut.csv
VN204,../Data/Equivital/Lydo_Rehearsal/FASTACC-VN204-5022058-23021500-cut.csv,../Data/Equivital/Lydo_Rehearsal/FASTACC-VN204-5022058-23021500-cut.csv,../Data/Equivital/Lydo_Rehearsal/FASTACC-VN204-5022058-23021500-cut.csv,../Data/Equivital/Lydo_C1_C2/FASTACC-VN204-5022058-23021600-cut.csv,../Data/Equivital/Lydo_C1_C2/FASTACC-VN204-5022058-23021600-cut.csv,../Data/Equivital/230217_Lydo_Concerts/CSV/FASTACC-VN204-5022058-23021700-cut.csv,../Data/Equivital/230217_Lydo_Concerts/CSV/FASTACC-VN204-5022058-23021700-cut.csv,../Data/Equivital/230218_Lydo_Concerts/FASTACC-VN204-5022058-23021800-cut.csv
VA305,../Data/Equivital/Lydo_Rehearsal/FASTACC-VA305-5022117-23021500-cut.csv,../Data/Equivital/Lydo_Rehearsal/FASTACC-VA305-5022117-23021500-cut.csv,../Data/Equivital/Lydo_Rehearsal/FASTACC-VA305-5022117-23021500-cut.csv,../Data/Equivital/Lydo_C1_C2/FASTACC-VA305-5022117-23021600-cut.csv,../Data/Equivital/Lydo_C1_C2/FASTACC-VA305-5022117-23021600-cut.csv,../Data/Equivital/230217_Lydo_Concerts/CSV/FASTACC-VA305-5022117-23021700-cut.csv,../Data/Equivital/230217_Lydo_Concerts/CSV/FASTACC-VA305-5022117-23021700-cut.csv,../Data/Equivital/230218_Lydo_Concerts/FASTACC-VA305-5022117-23021800-cut.csv
VA307,../Data/Equivital/Lydo_Rehearsal/FASTACC-VA307-5022127-23021500-cut.csv,../Data/Equivital/Lydo_Rehearsal/FASTACC-VA307-5022127-23021500-cut.csv,../Data/Equivital/Lydo_Rehearsal/FASTACC-VA307-5022127-23021500-cut.csv,../Data/Equivital/Lydo_C1_C2/FASTACC-VA307-5022127-23021600-cut.csv,../Data/Equivital/Lydo_C1_C2/FASTACC-VA307-5022127-23021600-cut.csv,../Data/Equivital/230217_Lydo_Concerts/CSV/FASTACC-VA307-5022127-23021700-cut.csv,../Data/Equivital/230217_Lydo_Concerts/CSV/FASTACC-VA307-5022127-23021700-cut.csv,../Data/Equivital/230218_Lydo_Concerts/FASTACC-VA307-5022127-23021800-cut.csv
VA308,../Data/Equivital/Lydo_Rehearsal/FASTACC-VA308-5022131-23021500-cut.csv,../Data/Equivital/Lydo_Rehearsal/FASTACC-VA308-5022131-23021500-cut.csv,../Data/Equivital/Lydo_Rehearsal/FASTACC-VA308-5022131-23021500-cut.csv,../Data/Equivital/Lydo_C1_C2/FASTACC-VA308-5022131-23021600-cut.csv,../Data/Equivital/Lydo_C1_C2/FASTACC-VA308-5022131-23021600-cut.csv,../Data/Equivital/230217_Lydo_Concerts/CSV/FASTACC-VA308-5022131-23021700-cut.csv,../Data/Equivital/230217_Lydo_Concerts/CSV/FASTACC-VA308-5022131-23021700-cut.csv,../Data/Equivital/230218_Lydo_Concerts/FASTACC-VA308-5022131-23021800-cut.csv
VA301,../Data/Equivital/Lydo_Rehearsal/FASTACC-VA301-5022100-23021500-cut.csv,../Data/Equivital/Lydo_Rehearsal/FASTACC-VA301-5022100-23021500-cut.csv,../Data/Equivital/Lydo_Rehearsal/FASTACC-VA301-5022100-23021500-cut.csv,../Data/Equivital/Lydo_C1_C2/FASTACC-VA301-5022100-23021600-cut.csv,../Data/Equivital/Lydo_C1_C2/FASTACC-VA301-5022100-23021600-cut.csv,../Data/Equivital/230217_Lydo_Concerts/CSV/FASTACC-VA301-5022100-23021700-cut.csv,../Data/Equivital/230217_Lydo_Concerts/CSV/FASTACC-VA301-5022100-23021700-cut.csv,../Data/Equivital/230218_Lydo_Concerts/FASTACC-VA301-5022100-23021800-cut.csv
VA306,../Data/Equivital/Lydo_Rehearsal/FASTACC-VA306-5022126-23021500-cut.csv,../Data/Equivital/Lydo_Rehearsal/FASTACC-VA306-5022126-23021500-cut.csv,../Data/Equivital/Lydo_Rehearsal/FASTACC-VA306-5022126-23021500-cut.csv,../Data/Equivital/Lydo_C1_C2/FASTACC-VA306-5022126-23021600-cut.csv,../Data/Equivital/Lydo_C1_C2/FASTACC-VA306-5022126-23021600-cut.csv,../Data/Equivital/230217_Lydo_Concerts/CSV/FASTACC-VA306-5022126-23021700-cut.csv,../Data/Equivital/230217_Lydo_Concerts/CSV/FASTACC-VA306-5022126-23021700-cut.csv,../Data/Equivital/230218_Lydo_Concerts/FASTACC-VA306-5022126-23021800-cut.csv
VA302,../Data/Equivital/Lydo_Rehearsal/FASTACC-VA302-5022101-23021500-cut.csv,../Data/Equivital/Lydo_Rehearsal/FASTACC-VA302-5022101-23021500-cut.csv,../Data/Equivital/Lydo_Rehearsal/FASTACC-VA302-5022101-23021500-cut.csv,../Data/Equivital/Lydo_C1_C2/FASTACC-VA302-5022101-23021600-cut.csv,../Data/Equivital/Lydo_C1_C2/FASTACC-VA302-5022101-23021600-cut.csv,../Data/Equivital/230217_Lydo_Concerts/CSV/FASTACC-VA302-5022101-23021700-cut.csv,../Data/Equivital/230217_Lydo_Concerts/CSV/FASTACC-VA302-5022101-23021700-cut.csv,../Data/Equivital/230218_Lydo_Concerts/FASTACC-VA302-5022101-23021800-cut.csv
VA303,../Data/Equivital/Lydo_Rehearsal/FASTACC-VA303-5022104-23021500-cut.csv,../Data/Equivital/Lydo_Rehearsal/FASTACC-VA303-5022104-23021500-cut.csv,../Data/Equivital/Lydo_Rehearsal/FASTACC-VA303-5022104-23021500-cut.csv,../Data/Equivital/Lydo_C1_C2/FASTACC-VA303-5022104-23021600-cut.csv,../Data/Equivital/Lydo_C1_C2/FASTACC-VA303-5022104-23021600-cut.csv,../Data/Equivital/230217_Lydo_Concerts/CSV/FASTACC-VA303-5022104-23021700-cut.csv,../Data/Equivital/230217_Lydo_Concerts/CSV/FASTACC-VA303-5022104-23021700-cut.csv,../Data/Equivital/230218_Lydo_Concerts/FASTACC-VA303-5022104-23021800-cut.csv
VA304,../Data/Equivital/Lydo_Rehearsal/FASTACC-VA304-5022110-23021500-cut.csv,../Data/Equivital/Lydo_Rehearsal/FASTACC-VA304-5022110-23021500-cut.csv,../Data/Equivital/Lydo_Rehearsal/FASTACC-VA304-5022110-23021500-cut.csv,../Data/Equivital/Lydo_C1_C2/FASTACC-VA304-5022110-23021600-cut.csv,../Data/Equivital/Lydo_C1_C2/FASTACC-VA304-5022110-23021600-cut.csv,../Data/Equivital/230217_Lydo_Concerts/CSV/FASTACC-VA304-5022110-23021700-cut.csv,../Data/Equivital/230217_Lydo_Concerts/CSV/FASTACC-VA304-5022110-23021700-cut.csv,../Data/Equivital/230218_Lydo_Concerts/FASTACC-VA304-5022110-23021800-cut.csv
LS406,../Data/Equivital/Lydo_Rehearsal/FASTACC-LS406-5023926-23021500-cut.csv,../Data/Equivital/Lydo_Rehearsal/FASTACC-LS406-5023926-23021500-cut.csv,../Data/Equivital/Lydo_Rehearsal/FASTACC-LS406-5023926-23021500-cut.csv,../Data/Equivital/Lydo_C1_C2/FASTACC-LS406-5023926-23021600-cut.csv,../Data/Equivital/Lydo_C1_C2/FASTACC-LS406-5023926-23021600-cut.csv,../Data/Equivital/230217_Lydo_Concerts/CSV/FASTACC-LS406-5023926-23021700-cut.csv,../Data/Equivital/230217_Lydo_Concerts/CSV/FASTACC-LS406-5023926-23021700-cut.csv,../Data/Equivital/230218_Lydo_Concerts/FASTACC-LS406-5023926-23021800-cut.csv
LS407,../Data/Equivital/Lydo_Rehearsal/FASTACC-LS407-5022149-23021500-cut.csv,../Data/Equivital/Lydo_Rehearsal/FASTACC-LS407-5022149-23021500-cut.csv,../Data/Equivital/Lydo_Rehearsal/FASTACC-LS407-5022149-23021500-cut.csv,../Data/Equivital/Lydo_C1_C2/FASTACC-LS407-5022149-23021600-cut.csv,../Data/Equivital/Lydo_C1_C2/FASTACC-LS407-5022149-23021600-cut.csv,../Data/Equivital/230217_Lydo_Concerts/CSV/FASTACC-LS407-5022149-23021700-cut.csv,../Data/Equivital/230217_Lydo_Concerts/CSV/FASTACC-LS407-5022149-23021700-cut.csv,../Data/Equivital/230218_Lydo_Concerts/FASTACC-LS407-5022149-23021800-cut.csv
LS408,../Data/Equivital/Lydo_Rehearsal/FASTACC-LS408-5022151-23021500-cut.csv,../Data/Equivital/Lydo_Rehearsal/FASTACC-LS408-5022151-23021500-cut.csv,../Data/Equivital/Lydo_Rehearsal/FASTACC-LS408-5022151-23021500-cut.csv,../Data/Equivital/Lydo_C1_C2/FASTACC-LS408-5022151-23021600-cut.csv,../Data/Equivital/Lydo_C1_C2/FASTACC-LS408-5022151-23021600-cut.csv,../Data/Equivital/230217_Lydo_Concerts/CSV/FASTACC-LS408-5022151-23021700-cut.csv,../Data/Equivital/230217_Lydo_Concerts/CSV/FASTACC-LS408-5022151-23021700-cut.csv,../Data/Equivital/230218_Lydo_Concerts/FASTACC-LS408-5022151-23021800-cut.csv
LS405,../Data/Equivital/Lydo_Rehearsal/FASTACC-LS405-5022143-23021500-cut.csv,../Data/Equivital/Lydo_Rehearsal/FASTACC-LS405-5022143-23021500-cut.csv,../Data/Equivital/Lydo_Rehearsal/FASTACC-LS405-5022143-23021500-cut.csv,../Data/Equivital/Lydo_C1_C2/FASTACC-LS405-5022143-23021600_0-cut.csv,../Data/Equivital/Lydo_C1_C2/FASTACC-LS405-5022143-23021600_0-cut.csv,../Data/Equivital/230217_Lydo_Concerts/CSV/FASTACC-LS405-5022143-23021700-cut.csv,../Data/Equivital/230217_Lydo_Concerts/CSV/FASTACC-LS405-5022143-23021700-cut.csv,../Data/Equivital/230218_Lydo_Concerts/FASTACC-LS405-5022143-23021800-cut.csv
LS401,../Data/Equivital/Lydo_Rehearsal/FASTACC-LS401-5022138-23021500-cut.csv,../Data/Equivital/Lydo_Rehearsal/FASTACC-LS401-5022138-23021500-cut.csv,../Data/Equivital/Lydo_Rehearsal/FASTACC-LS401-5022138-23021500-cut.csv,../Data/Equivital/Lydo_C1_C2/FASTACC-LS401-5022138-23021600-cut.csv,../Data/Equivital/Lydo_C1_C2/FASTACC-LS401-5022138-23021600-cut.csv,../Data/Equivital/230217_Lydo_Concerts/CSV/FASTACC-LS401-5022138-23021700-cut.csv,../Data/Equivital/230217_Lydo_Concerts/CSV/FASTACC-LS401-5022138-23021700-cut.csv,../Data/Equivital/230218_Lydo_Concerts/FASTACC-LS401-5022138-23021800-cut.csv
LS403,../Data/Equivital/Lydo_Rehearsal/FASTACC-LS403-5022141-23021500-cut.csv,../Data/Equivital/Lydo_Rehearsal/FASTACC-LS403-5022141-23021500-cut.csv,../Data/Equivital/Lydo_Rehearsal/FASTACC-LS403-5022141-23021500-cut.csv,../Data/Equivital/Lydo_C1_C2/FASTACC-LS403-5022141-23021600-cut.csv,../Data/Equivital/Lydo_C1_C2/FASTACC-LS403-5022141-23021600-cut.csv,../Data/Equivital/230217_Lydo_Concerts/CSV/FASTACC-LS403-5022141-23021700-cut.csv,../Data/Equivital/230217_Lydo_Concerts/CSV/FASTACC-LS403-5022141-23021700-cut.csv,../Data/Equivital/230218_Lydo_Concerts/FASTACC-LS403-5022141-23021800-cut.csv
LS402,../Data/Equivital/Lydo_Rehearsal/FASTACC-LS402-5022139-23021500-cut.csv,../Data/Equivital/Lydo_Rehearsal/FASTACC-LS402-5022139-23021500-cut.csv,../Data/Equivital/Lydo_Rehearsal/FASTACC-LS402-5022139-23021500-cut.csv,../Data/Equivital/Lydo_C1_C2/FASTACC-LS402-5022139-23021600-cut.csv,../Data/Equivital/Lydo_C1_C2/FASTACC-LS402-5022139-23021600-cut.csv,../Data/Equivital/230217_Lydo_Concerts/CSV/FASTACC-LS402-5022139-23021700-cut.csv,../Data/Equivital/230217_Lydo_Concerts/CSV/FASTACC-LS402-5022139-23021700-cut.csv,../Data/Equivital/230218_Lydo_Concerts/FASTACC-LS402-5022139-23021800-cut.csv
LS410,../Data/Equivital/Lydo_Rehearsal/FASTACC-LS410-5022154-23021500-cut.csv,../Data/Equivital/Lydo_Rehearsal/FASTACC-LS410-5022154-23021500-cut.csv,../Data/Equivital/Lydo_Rehearsal/FASTACC-LS410-5022154-23021500-cut.csv,../Data/Equivital/Lydo_C1_C2/FASTACC-LS410-5022154-23021600-cut.csv,../Data/Equivital/Lydo_C1_C2/FASTACC-LS410-5022154-23021600-cut.csv,../Data/Equivital/230217_Lydo_Concerts/CSV/FASTACC-LS410-5022154-23021600-cut.csv,../Data/Equivital/230217_Lydo_Concerts/CSV/FASTACC-LS410-5022154-23021600-cut.csv,../Data/Equivital/230218_Lydo_Concerts/FASTACC-LS410-5022154-23021800-cut.csv
LS404,../Data/Equivital/Lydo_Rehearsal/FASTACC-LS404-5022142-23021500-cut.csv,../Data/Equivital/Lydo_Rehearsal/FASTACC-LS404-5022142-23021500-cut.csv,../Data/Equivital/Lydo_Rehearsal/FASTACC-LS404-5022142-23021500-cut.csv,../Data/Equivital/Lydo_C1_C2/FASTACC-LS404-5022142-23021600-cut.csv,../Data/Equivital/Lydo_C1_C2/FASTACC-LS404-5022142-23021600-cut.csv,../Data/Equivital/230217_Lydo_Concerts/CSV/FASTACC-LS404-5022142-23021700-cut.csv,../Data/Equivital/230217_Lydo_Concerts/CSV/FASTACC-LS404-5022142-23021700-cut.csv,../Data/Equivital/230218_Lydo_Concerts/FASTACC-LS404-5022142-23021800-cut.csv
WW505,../Data/Equivital/Lydo_Rehearsal/FASTACC-WW505-5022164-23021500-cut.csv,../Data/Equivital/Lydo_Rehearsal/FASTACC-WW505-5022164-23021500-cut.csv,../Data/Equivital/Lydo_Rehearsal/FASTACC-WW505-5022164-23021500-cut.csv,../Data/Equivital/Lydo_C1_C2/FASTACC-WW505-5022164-23021600-cut.csv,../Data/Equivital/Lydo_C1_C2/FASTACC-WW505-5022164-23021600-cut.csv,../Data/Equivital/230217_Lydo_Concerts/CSV/FASTACC-WW505-5022164-23021700-cut.csv,../Data/Equivital/230217_Lydo_Concerts/CSV/FASTACC-WW505-5022164-23021700-cut.csv,../Data/Equivital/230218_Lydo_Concerts/FASTACC-WW505-5022164-23021800-cut.csv
WW502,../Data/Equivital/Lydo_Rehearsal/FASTACC-WW502-5022156-23021500-cut.csv,../Data/Equivital/Lydo_Rehearsal/FASTACC-WW502-5022156-23021500-cut.csv,../Data/Equivital/Lydo_Rehearsal/FASTACC-WW502-5022156-23021500-cut.csv,../Data/Equivital/Lydo_C1_C2/FASTACC-WW502-5022156-23021600-cut.csv,../Data/Equivital/Lydo_C1_C2/FASTACC-WW502-5022156-23021600-cut.csv,../Data/Equivital/230217_Lydo_Concerts/CSV/FASTACC-WW502-5022156-23021700-cut.csv,../Data/Equivital/230217_Lydo_Concerts/CSV/FASTACC-WW502-5022156-23021700-cut.csv,../Data/Equivital/230218_Lydo_Concerts/FASTACC-WW502-5022156-23021800-cut.csv
WW503,../Data/Equivital/Lydo_Rehearsal/FASTACC-WW503-5022161-23021500-cut.csv,../Data/Equivital/Lydo_Rehearsal/FASTACC-WW503-5022161-23021500-cut.csv,../Data/Equivital/Lydo_Rehearsal/FASTACC-WW503-5022161-23021500-cut.csv,../Data/Equivital/Lydo_C1_C2/FASTACC-WW503-5022161-23021600-cut.csv,../Data/Equivital/Lydo_C1_C2/FASTACC-WW503-5022161-23021600-cut.csv,../Data/Equivital/230217_Lydo_Concerts/CSV/FASTACC-WW503-5022161-23021700-cut.csv,../Data/Equivital/230217_Lydo_Concerts/CSV/FASTACC-WW503-5022161-23021700-cut.csv,../Data/Equivital/230218_Lydo_Concerts/FASTACC-WW503-5022161-23021800-cut.csv
WW506,../Data/Equivital/Lydo_Rehearsal/FASTACC-WW506-5022166-23021500-cut.csv,../Data/Equivital/Lydo_Rehearsal/FASTACC-WW506-5022166-23021500-cut.csv,../Data/Equivital/Lydo_Rehearsal/FASTACC-WW506-5022166-23021500-cut.csv,../Data/Equivital/Lydo_C1_C2/FASTACC-WW506-5022166-23021600-cut.csv,../Data/Equivital/Lydo_C1_C2/FASTACC-WW506-5022166-23021600-cut.csv,../Data/Equivital/230217_Lydo_Concerts/CSV/FASTACC-WW506-5022166-23021700-cut.csv,../Data/Equivital/230217_Lydo_Concerts/CSV/FASTACC-WW506-5022166-23021700-cut.csv,../Data/Equivital/230218_Lydo_Concerts/FASTACC-WW506-5022166-23021800-cut.csv
WW501,../Data/Equivital/Lydo_Rehearsal/FASTACC-WW501-5022155-23021500-cut.csv,../Data/Equivital/Lydo_Rehearsal/FASTACC-WW501-5022155-23021500-cut.csv,../Data/Equivital/Lydo_Rehearsal/FASTACC-WW501-5022155-23021500-cut.csv,../Data/Equivital/Lydo_C1_C2/FASTACC-WW501-5022155-23021600-cut.csv,../Data/Equivital/Lydo_C1_C2/FASTACC-WW501-5022155-23021600-cut.csv,../Data/Equivital/230217_Lydo_Concerts/CSV/FASTACC-WW501-5022155-23021700-cut.csv,../Data/Equivital/230217_Lydo_Concerts/CSV/FASTACC-WW501-5022155-23021700-cut.csv,../Data/Equivital/230218_Lydo_Concerts/FASTACC-WW501-5022155-23021800-cut.csv
WW504,../Data/Equivital/Lydo_Rehearsal/FASTACC-WW504-5022163-23021500-cut.csv,../Data/Equivital/Lydo_Rehearsal/FASTACC-WW504-5022163-23021500-cut.csv,../Data/Equivital/Lydo_Rehearsal/FASTACC-WW504-5022163-23021500-cut.csv,../Data/Equivital/Lydo_C1_C2/FASTACC-WW504-5022163-23021600-cut.csv,../Data/Equivital/Lydo_C1_C2/FASTACC-WW504-5022163-23021600-cut.csv,../Data/Equivital/230217_Lydo_Concerts/CSV/FASTACC-WW504-5022163-23021700-cut.csv,../Data/Equivital/230217_Lydo_Concerts/CSV/FASTACC-WW504-5022163-23021700-cut.csv,../Data/Equivital/230218_Lydo_Concerts/FASTACC-WW504-5022163-23021800-cut.csv
WW507,../Data/Equivital/Lydo_Rehearsal/FASTACC-WW507-5022173-23021500-cut.csv,../Data/Equivital/Lydo_Rehearsal/FASTACC-WW507-5022173-23021500-cut.csv,../Data/Equivital/Lydo_Rehearsal/FASTACC-WW507-5022173-23021500-cut.csv,../Data/Equivital/Lydo_C1_C2/FASTACC-WW507-5022173-23021600-cut.csv,../Data/Equivital/Lydo_C1_C2/FASTACC-WW507-5022173-23021600-cut.csv,../Data/Equivital/230217_Lydo_Concerts/CSV/FASTACC-WW507-5022173-23021700-cut.csv,../Data/Equivital/230217_Lydo_Concerts/CSV/FASTACC-WW507-5022173-23021700-cut.csv,../Data/Equivital/230218_Lydo_Concerts/FASTACC-WW507-5022173-23021800-cut.csv
BR604,../Data/Equivital/Lydo_Rehearsal/FASTACC-BR604-5022198-23021500-cut.csv,../Data/Equivital/Lydo_Rehearsal/FASTACC-BR604-5022198-23021500-cut.csv,../Data/Equivital/Lydo_Rehearsal/FASTACC-BR604-5022198-23021500-cut.csv,../Data/Equivital/Lydo_C1_C2/FASTACC-BR604-5022198-23021600-cut.csv,../Data/Equivital/Lydo_C1_C2/FASTACC-BR604-5022198-23021600-cut.csv,../Data/Equivital/230217_Lydo_Concerts/CSV/FASTACC-BR604-5022198-23021700-cut.csv,../Data/Equivital/230217_Lydo_Concerts/CSV/FASTACC-BR604-5022198-23021700-cut.csv,../Data/Equivital/230218_Lydo_Concerts/FASTACC-BR604-5022198-23021800-cut.csv
BR603,../Data/Equivital/Lydo_Rehearsal/FASTACC-BR603-5022193-23021500-cut.csv,../Data/Equivital/Lydo_Rehearsal/FASTACC-BR603-5022193-23021500-cut.csv,../Data/Equivital/Lydo_Rehearsal/FASTACC-BR603-5022193-23021500-cut.csv,../Data/Equivital/Lydo_C1_C2/FASTACC-BR603-5022193-23021600-cut.csv,../Data/Equivital/Lydo_C1_C2/FASTACC-BR603-5022193-23021600-cut.csv,../Data/Equivital/230217_Lydo_Concerts/CSV/FASTACC-BR603-5022193-23021700-cut.csv,../Data/Equivital/230217_Lydo_Concerts/CSV/FASTACC-BR603-5022193-23021700-cut.csv,../Data/Equivital/230218_Lydo_Concerts/FASTACC-BR603-5022193-23021800-cut.csv
BR602,../Data/Equivital/Lydo_Rehearsal/FASTACC-BR602-5022184-23021500-cut.csv,../Data/Equivital/Lydo_Rehearsal/FASTACC-BR602-5022184-23021500-cut.csv,../Data/Equivital/Lydo_Rehearsal/FASTACC-BR602-5022184-23021500-cut.csv,../Data/Equivital/Lydo_C1_C2/FASTACC-BR602-5022184-23021600-cut.csv,../Data/Equivital/Lydo_C1_C2/FASTACC-BR602-5022184-23021600-cut.csv,../Data/Equivital/230217_Lydo_Concerts/CSV/FASTACC-BR602-5022184-23021700-cut.csv,../Data/Equivital/230217_Lydo_Concerts/CSV/FASTACC-BR602-5022184-23021700-cut.csv,../Data/Equivital/230218_Lydo_Concerts/FASTACC-BR602-5022184-23021800-cut.csv
BR606,../Data/Equivital/Lydo_Rehearsal/FASTACC-BR606-5022203-23021500-cut.csv,../Data/Equivital/Lydo_Rehearsal/FASTACC-BR606-5022203-23021500-cut.csv,../Data/Equivital/Lydo_Rehearsal/FASTACC-BR606-5022203-23021500-cut.csv,../Data/Equivital/Lydo_C1_C2/FASTACC-BR606-5022203-23021600-cut.csv,../Data/Equivital/Lydo_C1_C2/FASTACC-BR606-5022203-23021600-cut.csv,../Data/Equivital/230217_Lydo_Concerts/CSV/FASTACC-BR606-5022203-23021700-cut.csv,../Data/Equivital/230217_Lydo_Concerts/CSV/FASTACC-BR606-5022203-23021700-cut.csv,../Data/Equivital/230218_Lydo_Concerts/FASTACC-BR606-5022203-23021800-cut.csv
BR607,../Data/Equivital/Lydo_Rehearsal/FASTACC-BR607-5022204-23021500-cut.csv,../Data/Equivital/Lydo_Rehearsal/FASTACC-BR607-5022204-23021500-cut.csv,../Data/Equivital/Lydo_Rehearsal/FASTACC-BR607-5022204-23021500-cut.csv,../Data/Equivital/Lydo_C1_C2/FASTACC-BR607-5022204-23021600-cut.csv,../Data/Equivital/Lydo_C1_C2/FASTACC-BR607-5022204-23021600-cut.csv,../Data/Equivital/230217_Lydo_Concerts/CSV/FASTACC-BR607-5022204-23021700-cut.csv,../Data/Equivital/230217_Lydo_Concerts/CSV/FASTACC-BR607-5022204-23021700-cut.csv,../Data/Equivital/230218_Lydo_Concerts/FASTACC-BR607-5022204-23021800-cut.csv
BR605,../Data/Equivital/Lydo_Rehearsal/FASTACC-BR605-5022202-23021500-cut.csv,../Data/Equivital/Lydo_Rehearsal/FASTACC-BR605-5022202-23021500-cut.csv,../Data/Equivital/Lydo_Rehearsal/FASTACC-BR605-5022202-23021500-cut.csv,../Data/Equivital/Lydo_C1_C2/FASTACC-BR605-5022202-23021600-cut.csv,../Data/Equivital/Lydo_C1_C2/FASTACC-BR605-5022202-23021600-cut.csv,../Data/Equivital/230217_Lydo_Concerts/CSV/FASTACC-BR605-5022202-23021700-cut.csv,../Data/Equivital/230217_Lydo_Concerts/CSV/FASTACC-BR605-5022202-23021700-cut.csv,../Data/Equivital/230218_Lydo_Concerts/FASTACC-BR605-5022202-23021800-cut.csv
BR601,../Data/Equivital/Lydo_Rehearsal/FASTACC-BR601-5022179-23021500-cut.csv,../Data/Equivital/Lydo_Rehearsal/FASTACC-BR601-5022179-23021500-cut.csv,../Data/Equivital/Lydo_Rehearsal/FASTACC-BR601-5022179-23021500-cut.csv,../Data/Equivital/Lydo_C1_C2/FASTACC-BR601-5022179-23021600-cut.csv,../Data/Equivital/Lydo_C1_C2/FASTACC-BR601-5022179-23021600-cut.csv,../Data/Equivital/230217_Lydo_Concerts/CSV/FASTACC-BR601-5022179-23021700-cut.csv,../Data/Equivital/230217_Lydo_Concerts/CSV/FASTACC-BR601-5022179-23021700-cut.csv,../Data/Equivital/230218_Lydo_Concerts/FASTACC-BR601-5022179-23021800-cut.csv
PC704,../Data/Equivital/Lydo_Rehearsal/FASTACC-PC704-5022244-23021500-cut.csv,../Data/Equivital/Lydo_Rehearsal/FASTACC-PC704-5022244-23021500-cut.csv,../Data/Equivital/Lydo_Rehearsal/FASTACC-PC704-5022244-23021500-cut.csv,../Data/Equivital/Lydo_C1_C2/FASTACC-PC704-5022244-23021600-cut.csv,../Data/Equivital/Lydo_C1_C2/FASTACC-PC704-5022244-23021600-cut.csv,../Data/Equivital/230217_Lydo_Concerts/CSV/FASTACC-PC704-5022244-23021700-cut.csv,../Data/Equivital/230217_Lydo_Concerts/CSV/FASTACC-PC704-5022244-23021700-cut.csv,../Data/Equivital/230218_Lydo_Concerts/FASTACC-PC704-5022244-23021800-cut.csv
PC705,../Data/Equivital/Lydo_Rehearsal/FASTACC-PC705-5022245-23021500-cut.csv,../Data/Equivital/Lydo_Rehearsal/FASTACC-PC705-5022245-23021500-cut.csv,../Data/Equivital/Lydo_Rehearsal/FASTACC-PC705-5022245-23021500-cut.csv,../Data/Equivital/Lydo_C1_C2/FASTACC-PC705-5022245-23021600-cut.csv,../Data/Equivital/Lydo_C1_C2/FASTACC-PC705-5022245-23021600-cut.csv,../Data/Equivital/230217_Lydo_Concerts/CSV/FASTACC-PC705-5022245-23021700-cut.csv,../Data/Equivital/230217_Lydo_Concerts/CSV/FASTACC-PC705-5022245-23021700-cut.csv,../Data/Equivital/230218_Lydo_Concerts/FASTACC-PC705-5022245-23021800-cut.csv
PC703,../Data/Equivital/Lydo_Rehearsal/FASTACC-PC703-5022241-23021500-cut.csv,../Data/Equivital/Lydo_Rehearsal/FASTACC-PC703-5022241-23021500-cut.csv,../Data/Equivital/Lydo_Rehearsal/FASTACC-PC703-5022241-23021500-cut.csv,../Data/Equivital/Lydo_C1_C2/FASTACC-PC703-5022241-23021600-cut.csv,../Data/Equivital/Lydo_C1_C2/FASTACC-PC703-5022241-23021600-cut.csv,../Data/Equivital/230217_Lydo_Concerts/CSV/FASTACC-PC703-5022241-23021700-cut.csv,../Data/Equivital/230217_Lydo_Concerts/CSV/FASTACC-PC703-5022241-23021700-cut.csv,../Data/Equivital/230218_Lydo_Concerts/FASTACC-PC703-5022241-23021800-cut.csv
PC701,../Data/Equivital/Lydo_Rehearsal/FASTACC-PC701-5022238-23021500-cut.csv,../Data/Equivital/Lydo_Rehearsal/FASTACC-PC701-5022238-23021500-cut.csv,../Data/Equivital/Lydo_Rehearsal/FASTACC-PC701-5022238-23021500-cut.csv,../Data/Equivital/Lydo_C1_C2/FASTACC-PC701-5022238-23021600-cut.csv,../Data/Equivital/Lydo_C1_C2/FASTACC-PC701-5022238-23021600-cut.csv,../Data/Equivital/230217_Lydo_Concerts/CSV/FASTACC-PC701-5022238-23021700-cut.csv,../Data/Equivital/230217_Lydo_Concerts/CSV/FASTACC-PC701-5022238-23021700-cut.csv,../Data/Equivital/230218_Lydo_Concerts/FASTACC-PC701-5022238-23021800-cut.csv
PC702,../Data/Equivital/Lydo_Rehearsal/FASTACC-PC702-5022240-23021500-cut.csv,../Data/Equivital/Lydo_Rehearsal/FASTACC-PC702-5022240-23021500-cut.csv,../Data/Equivital/Lydo_Rehearsal/FASTACC-PC702-5022240-23021500-cut.csv,../Data/Equivital/Lydo_C1_C2/FASTACC-PC702-5022240-23021600-cut.csv,../Data/Equivital/Lydo_C1_C2/FASTACC-PC702-5022240-23021600-cut.csv,../Data/Equivital/230217_Lydo_Concerts/CSV/FASTACC-PC702-5022240-23021700-cut.csv,../Data/Equivital/230217_Lydo_Concerts/CSV/FASTACC-PC702-5022240-23021700-cut.csv,../Data/Equivital/230218_Lydo_Concerts/FASTACC-PC702-5022240-23021800-cut.csv
PC707,../Data/Equivital/Lydo_Rehearsal/FASTACC-PC707-5022256-23021500-cut.csv,../Data/Equivital/Lydo_Rehearsal/FASTACC-PC707-5022256-23021500-cut.csv,../Data/Equivital/Lydo_Rehearsal/FASTACC-PC707-5022256-23021500-cut.csv,../Data/Equivital/Lydo_C1_C2/FASTACC-PC707-5022256-23021600-cut.csv,../Data/Equivital/Lydo_C1_C2/FASTACC-PC707-5022256-23021600-cut.csv,../Data/Equivital/230217_Lydo_Concerts/CSV/FASTACC-PC707-5022256-23021700_0-cut.csv,../Data/Equivital/230217_Lydo_Concerts/CSV/FASTACC-PC707-5022256-23021700_0-cut.csv,../Data/Equivital/230218_Lydo_Concerts/FASTACC-PC707-5022256-23021800-cut.csv
